insert into hero_profile(version, id, weakness, threat_lvl, mentor, secret_base, first_mission) values (1, 1, 'Kryptonite', 'huge', 'Jor-El', 'Fortress of Solitude', 'Saving Metropolis from Zod')
    insert into hero_profile(version, id, weakness, threat_lvl, mentor, secret_base, first_mission) values (1, 2, 'Mental trauma / human limits', 'low', 'Alfred Pennyworth', 'Batcave', 'First encounter with Joker')
insert into hero_profile(version, id, weakness, threat_lvl, mentor, secret_base, first_mission) values (1, 3, 'Responsibility / emotional stress', 'medium', 'Uncle Ben', 'Apartment in Queens', 'Stopping bank robbery')
insert into hero_profile(version, id, weakness, threat_lvl, mentor, secret_base, first_mission) values (1, 4, 'Arc Reactor dependency', 'huge', 'Obadiah Stane (early influence)', 'Stark Tower', 'Escape from captivity')
insert into hero_profile(version, id, weakness, threat_lvl, mentor, secret_base, first_mission) values (1, 5, 'Human mortality', 'normal', 'Zeus', 'Themyscira Temple', 'Battle against Ares cult')
insert into hero_profile(version, id, weakness, threat_lvl, mentor, secret_base, first_mission) values (1, 6, 'Mercy / pride', 'huge', 'Master Roshi', 'Kame House', 'Defeating Emperor Pilaf')
insert into hero_profile(version, id, weakness, threat_lvl, mentor, secret_base, first_mission) values (1, 7, 'Perverted habits / age', 'low', 'Mutaito', 'Kame House', 'Sealing King Piccolo')
insert into publishers(version, id, publisher_name, country, founded_year, ceo, universe) values (1, 1, 'DC Comics', 'USA', '1934', 'Pam Lifford', 'DC Universe')
insert into publishers(version, id, publisher_name, country, founded_year, ceo, universe) values (1, 2, 'Marvel Comics', 'USA', '1939', 'C.B. Cebulski', 'Marvel Universe')
insert into publishers(version, id, publisher_name, country, founded_year, ceo, universe) values (1, 3, 'Shueisha (Dragon Ball)', 'Japan', '1925', 'Atsushi Izumi', 'Dragon Ball Universe')
insert into superhero(version, id, name, spname, occupation, home_city, universe, first_apperiance, hero_profile_id, publisher_id) values (1, 1, 'Clark Kent', 'Superman', 'Journalist', 'Metropolis', 'DC', '1938', 1, 1)
insert into superhero(version, id, name, spname, occupation, home_city, universe, first_apperiance, hero_profile_id, publisher_id) values (1, 2, 'Bruce Wayne', 'Batman', 'CEO', 'Gotham City', 'DC', '1939', 2, 1)
insert into superhero(version, id, name, spname, occupation, home_city, universe, first_apperiance, hero_profile_id, publisher_id) values (1, 3, 'Peter Parker', 'Spider-Man', 'Photographer', 'New York', 'Marvel', '1962', 3, 2)
insert into superhero(version, id, name, spname, occupation, home_city, universe, first_apperiance, hero_profile_id, publisher_id) values (1, 4, 'Tony Stark', 'Iron Man', 'Engineer', 'Malibu', 'Marvel', '1963', 4, 2)
insert into superhero(version, id, name, spname, occupation, home_city, universe, first_apperiance, hero_profile_id, publisher_id) values (1, 5, 'Diana Prince', 'Wonder Woman', 'Diplomat', 'Themyscira', 'DC', '1941', 5, 1)
insert into superhero(version, id, name, spname, occupation, home_city, universe, first_apperiance, hero_profile_id, publisher_id) values (1, 6, 'Son Goku', 'Goku', 'Martial Artist', 'Mount Paozu', 'Dragon Ball', '1984', 6, 3)
insert into superhero(version, id, name, spname, occupation, home_city, universe, first_apperiance, hero_profile_id, publisher_id) values (1, 7, 'Master Roshi', 'Papa', 'Teacher', 'Mazu Pizzu', 'Dragon Ball', '1983', 7, 3)
insert into powers(version, id, power_name, description, type, strenght_lvl, is_rare) values (1, 1, 'Super Strength', 'Enhanced physical strength beyond human limits', 'Physical', 9, false)
insert into powers(version, id, power_name, description, type, strenght_lvl, is_rare) values (1, 2, 'Flight', 'Ability to fly and move freely in the air', 'Movement', 8, false)
insert into powers(version, id, power_name, description, type, strenght_lvl, is_rare) values (1, 3, 'Regeneration', 'Rapid healing and recovery from injuries', 'Biological', 9, true)
insert into powers(version, id, power_name, description, type, strenght_lvl, is_rare) values (1, 4, 'Energy Blast', 'Projectile energy attacks from hands or body', 'Energy', 8, false)
insert into powers(version, id, power_name, description, type, strenght_lvl, is_rare) values (1, 5, 'Super Speed', 'Movement and reaction speed far beyond human limits', 'Physical', 9, false)
insert into powers(version, id, power_name, description, type, strenght_lvl, is_rare) values (1, 6, 'Telepathy', 'Ability to read and communicate through thoughts', 'Psychic', 8, true)
insert into powers(version, id, power_name, description, type, strenght_lvl, is_rare) values (1, 7, 'Durability Boost', 'Extreme resistance to physical damage', 'Physical', 8, false)
insert into powers(version, id, power_name, description, type, strenght_lvl, is_rare) values (1, 8, 'Healing Touch', 'Ability to heal others through physical contact', 'Biological', 7, true)
insert into powers(version, id, power_name, description, type, strenght_lvl, is_rare) values (1, 9, 'Gadgets', 'Gadgets', 'Physical', 4, false)
insert into superhero_powers(superhero_id, power_id) values (1, 1)
insert into superhero_powers(superhero_id, power_id) values (1, 2)
insert into superhero_powers(superhero_id, power_id) values (1, 7)
insert into superhero_powers(superhero_id, power_id) values (2, 9)
insert into superhero_powers(superhero_id, power_id) values (3, 5)
insert into superhero_powers(superhero_id, power_id) values (3, 7)
insert into superhero_powers(superhero_id, power_id) values (4, 4)
insert into superhero_powers(superhero_id, power_id) values (4, 7)
insert into superhero_powers(superhero_id, power_id) values (4, 9)
insert into superhero_powers(superhero_id, power_id) values (5, 1)
insert into superhero_powers(superhero_id, power_id) values (5, 7)
insert into superhero_powers(superhero_id, power_id) values (6, 1)
insert into superhero_powers(superhero_id, power_id) values (6, 4)
insert into superhero_powers(superhero_id, power_id) values (6, 5)
insert into superhero_powers(superhero_id, power_id) values (7, 4)
insert into superhero_powers(superhero_id, power_id) values (7, 8)